{
  "target": "example.com",
  "timestamp": "2025-06-09T16:11:09.357731",
  "whois": {
    "domain_name": "EXAMPLE.COM",
    "registrar": "RESERVED-Internet Assigned Numbers Authority",
    "creation_date": "1995-08-14 04:00:00",
    "expiration_date": "2025-08-13 04:00:00",
    "updated_date": "2024-08-14 07:01:34",
    "name_servers": [
      "a.iana-servers.net",
      "b.iana-servers.net"
    ],
    "status": [
      "clientDeleteProhibited https://icann.org/epp#clientDeleteProhibited",
      "clientTransferProhibited https://icann.org/epp#clientTransferProhibited",
      "clientUpdateProhibited https://icann.org/epp#clientUpdateProhibited"
    ],
    "dnssec": "signedDelegation",
    "resolved_ip": "96.7.128.198"
  },
  "dns": {
    "A": [
      "23.215.0.136",
      "96.7.128.198",
      "23.215.0.138",
      "23.192.228.84",
      "96.7.128.175",
      "23.192.228.80"
    ],
    "AAAA": [
      "2600:1406:3a00:21::173e:2e65",
      "2600:1406:3a00:21::173e:2e66",
      "2600:1406:bc00:53::b81e:94c8",
      "2600:1406:bc00:53::b81e:94ce",
      "2600:1408:ec00:36::1736:7f31",
      "2600:1408:ec00:36::1736:7f24"
    ],
    "MX": [
      "0 ."
    ],
    "TXT": [
      "\"v=spf1 -all\"",
      "\"_k2n1y4vw3qtb4skdx9e7dxt97qrmmq9\""
    ],
    "NS": [
      "b.iana-servers.net.",
      "a.iana-servers.net."
    ],
    "SOA": [
      "ns.icann.org. noc.dns.icann.org. 2025011673"
    ],
    "PTR": [
      "a23-215-0-136.deploy.static.akamaitechnologies.com."
    ],
    "SPF": [
      "\"v=spf1 -all\""
    ],
    "DMARC": [
      "\"v=DMARC1;p=reject;sp=reject;adkim=s;aspf=s\""
    ],
    "DKIM": [
      "default: \"v=DKIM1; p=\"",
      "google: \"v=DKIM1; p=\"",
      "selector1: \"v=DKIM1; p=\"",
      "selector2: \"v=DKIM1; p=\"",
      "k1: \"v=DKIM1; p=\"",
      "s1: \"v=DKIM1; p=\"",
      "s2: \"v=DKIM1; p=\""
    ]
  },
  "subdomains": [],
  "ports": [],
  "banners": {},
  "technologies": {}
}